Input_Text,Algorithm_Match,Reasoning
Arafat,hill,Mount Arafat is a significant elevated location.
Harvard,Yale,Similar prestigious American university as Harvard.
Japanese,yen,Official Japanese currency used in economic transactions.
Mars,star,Both are celestial objects in the universe.
Mexico,nation,Mexico is a sovereign country.
Wednesday,entity,Wednesday represents a day of the week.
aluminum,metal,Aluminum is a type of metal.
announcement,news,"Shares public information, similar to an announcement."
architecture,infrastructure,Related to building structures and physical systems.
asylum,madhouse,"A place for mental patients, similar to asylum."
atmosphere,culture,Represents the prevailing atmosphere or environment.
attempt,effort,Similar meaning to 'attempt'.
benchmark,example,Provides a standard against which to compare
bird,crane,A specific type of bird similar to 'bird'.
bishop,rook,Similar chess piece.
board,match,Relates to board games and competitions.
boy,lad,A direct synonym and closely related term.
bread,cash,slang for money similar to 'bread'.
calculation,computation,"Similar to calculation, performing mathematical operations."
car,automobile,Synonymous term for car.
cell,phone,Short form for 'cell phone'.
cemetery,graveyard,Synonymous place for burial and remembrance.
century,year,Represents a unit of time related to century.
championship,tournament,Synonymous with competition or championship events.
chance,match,Relates to probability or possible outcomes.
chord,music,A harmonic element in musical compositions.
coast,shore,Area where land meets the sea.
computer,computation,Essential function related to computer operations.
consumer,payment,Involved in consumer transactions.
crane,fauna,"Crane is a type of bird, part of fauna."
cucumber,fruit,Cucumber is classified as a type of fruit.
cup,tableware,Cup is a type of tableware.
delay,project,"Common phrase ""project delay""."
deployment,operation,Closely related to the act of deploying resources.
development,project,Closely related to development activities.
direction,avenue,A type of street signifying direction.
dividend,cash,Financial distribution paid to shareholders.
doctor,nurse,Nurses work closely with doctors in healthcare settings.
dollar,buck,Informal synonym commonly used for dollar.
drink,Wine,A type of alcoholic beverage similar to drink.
energy,sun,Primary natural source of energy.
experience,life,Life encompasses personal experiences and events.
five,dollar,Five relates to the dollar currency.
focus,center,Central point of attention or activity.
food,fruit,A type of food item.
football,soccer,Similar sport involving kicking a ball.
forest,woodland,Similar meaning as a type of forest.
fuck,stupid,Profane term expressing frustration or emphasis.
furnace,stove,Similar heating appliance used for cooking or warmth.
gem,jewel,Similar meaning as a precious stone.
glass,tableware,Material used for dining and serving purposes.
governor,professor,Leadership role similar to governor.
holy,oracle,Associated with sacred prophecy and spirituality.
hospital,nurse,Essential role within hospital setting.
image,object,Visual representation similar to an image.
investigation,science,Related to systematic investigation.
jaguar,feline,large wild cat species.
journal,article,Written piece typically published in a journal.
journey,voyage,"Synonym, similar meaning to journey."
king,tiger,Often referred to as the king of the jungle.
lad,rooster,"Male bird, similar to 'lad' as a young male."
life,organism,Represents living entities within a biological context.
line,phone,"""Line"" often refers to a telephone connection."
liquid,water,"Essential liquid, most common association."
listing,series,A sequence or list of related items.
lobster,animal,"Lobster is a marine crustacean, part of the animal kingdom."
magician,wizard,"similar to magician, magical practitioner."
man,lad,Similar to a young man.
marathon,sprint,Another running event similar to marathon.
media,radio,Direct form of mass communication medium.
midday,noon,Represents the middle of the day.
mile,kilometer,Both are units of measuring distance.
ministry,institution,A governmental or organizational body.
minority,group,Represents a smaller subset within population.
money,cash,Synonym for money.
monk,rabbi,Similar religious leadership role.
month,year,Another unit of time similar to month.
morality,culture,Morality is a key aspect of a culture.
murder,manslaughter,Related unlawful killing similar to murder.
museum,institution,Similar place where collections are kept.
music,jazz,A genre closely related to music.
noon,moon,"Similar sound to ""noon""."
observation,information,Observation provides essential data for analysis.
opera,theater,Related to performing arts and stage productions.
peace,atmosphere,Represents the mood or feeling.
phone,radio,Closely related communication device.
physics,science,Physics is a branch within the broader field of science.
plane,flight,Related to plane's movement in the air.
planet,star,Similar celestial body in the astronomical context.
population,fauna,Represents groups of animals in a specific region.
possibility,match,Represents a potential outcome or possibility.
practice,discipline,Closely related to a field of study.
precedent,example,Serves as a previous instance or model.
prejudice,racism,Directly related to prejudice.
president,governor,Holds executive leadership similar to a president.
problem,issue,"Synonymous with problem, closely related concept."
production,industry,Relates closely to production and manufacturing processes.
professor,student,Associated with professor as mentor or educator.
profit,gain,"Synonym of profit, representing financial increase."
psychology,psychiatry,Closely related field to psychology.
reason,cognition,Relates to reasoning and mental processes.
report,news,Closely related to reporting and conveying information.
rock,music,Closely related as a genre category.
rooster,cock,similar term for a male chicken.
school,institution,Represents an organized educational establishment.
seafood,lobster,A specific type of seafood.
seven,buck,Seven signifies seven dollars in slang terms.
shore,water,Shore is the land adjacent to bodies of water.
shower,water,Related to shower as both involve water.
sign,match,Represents a symbol or corresponding element effectively.
situation,issue,Represents current circumstances or situation.
skin,surface,Represents outer layer similar to skin.
smart,automobile,Smart is a car brand.
space,star,Object related to outer space.
start,departure,Synonym for the beginning of a journey.
stock,trading,Involves buying and selling financial stocks.
street,avenue,Synonymous with street as a city road.
student,Yale,A prestigious university where many students study.
sugar,cash,"""Sugar"" is often used as a slang term for money."
television,radio,Similar electronic device used for broadcasting media.
theater,performance,Central function of a theater.
tiger,feline,Category encompassing tigers and various large cat species.
train,car,Both are modes of transportation.
travel,voyage,Synonym representing a long journey or trip.
type,kind,Synonym for category or classification.
viewer,eye,Essential organ used for seeing.
vodka,**gin**,Similar alcoholic distilled spirit.
volunteer,group,Represents a collection of individuals working together.
wood,forest,A synonym referring to a large area of trees.
word,term,Synonym for 'word'.
